{"Modules":[{"Key":"","Source":"","Dir":"."},{"Key":"attach_vpc_a","Source":"./modules/cloudwan/attachments","Dir":""},{"Key":"attach_vpc_b","Source":"./modules/cloudwan/attachments","Dir":""},{"Key":"attach_vpc_c","Source":"./modules/cloudwan/attachments","Dir":""},{"Key":"attach_vpc_d","Source":"./modules/cloudwan/attachments","Dir":""},{"Key":"attach_vpc_e","Source":"./modules/cloudwan/attachments","Dir":""},{"Key":"cloudwan_core","Source":"./modules/cloudwan/core_network","Dir":"modules/cloudwan/core_network"},{"Key":"cloudwan_policy","Source":"./modules/cloudwan/policy","Dir":"modules/cloudwan/policy"},{"Key":"ec2_a","Source":"./modules/compute/ec2","Dir":"modules/compute/ec2"},{"Key":"ec2_b","Source":"./modules/compute/ec2","Dir":"modules/compute/ec2"},{"Key":"ec2_c","Source":"./modules/compute/ec2","Dir":"modules/compute/ec2"},{"Key":"ec2_d","Source":"./modules/compute/ec2","Dir":"modules/compute/ec2"},{"Key":"ec2_e","Source":"./modules/compute/ec2","Dir":"modules/compute/ec2"},{"Key":"sg_central_1a","Source":"./modules/security/SG","Dir":"modules/security/SG"},{"Key":"sg_central_1b","Source":"./modules/security/SG","Dir":"modules/security/SG"},{"Key":"sg_west_1c","Source":"./modules/security/SG","Dir":"modules/security/SG"},{"Key":"sg_west_2d","Source":"./modules/security/SG","Dir":"modules/security/SG"},{"Key":"sg_west_2e","Source":"./modules/security/SG","Dir":"modules/security/SG"},{"Key":"vpc_a","Source":"./modules/network/vpc","Dir":"modules/network/vpc"},{"Key":"vpc_b","Source":"./modules/network/vpc","Dir":"modules/network/vpc"},{"Key":"vpc_c","Source":"./modules/network/vpc","Dir":"modules/network/vpc"},{"Key":"vpc_d","Source":"./modules/network/vpc","Dir":"modules/network/vpc"},{"Key":"vpc_e","Source":"./modules/network/vpc","Dir":"modules/network/vpc"}]}